{
  "minecraft:story/lava_bucket": {
    "criteria": {
      "lava_bucket": "2024-09-04 00:25:53 +0100"
    },
    "done": true
  },
  "minecraft:recipes/building_blocks/nether_wart_block": {
    "criteria": {
      "has_nether_wart": "2024-09-04 00:25:53 +0100"
    },
    "done": true
  },
  "minecraft:husbandry/root": {
    "criteria": {
      "consumed_item": "2024-09-04 00:39:06 +0100"
    },
    "done": true
  },
  "minecraft:recipes/decorations/chest": {
    "criteria": {
      "has_lots_of_items": "2024-09-04 00:25:53 +0100"
    },
    "done": true
  },
  "minecraft:recipes/building_blocks/red_nether_brick": {
    "criteria": {
      "has_nether_wart": "2024-09-04 00:25:53 +0100"
    },
    "done": true
  },
  "minecraft:recipes/decorations/red_banner": {
    "criteria": {
      "has_red_wool": "2024-09-04 00:25:53 +0100"
    },
    "done": true
  },
  "minecraft:recipes/misc/gold_ingot_from_block": {
    "criteria": {
      "has_gold_block": "2024-09-04 00:25:53 +0100"
    },
    "done": true
  },
  "minecraft:recipes/decorations/painting": {
    "criteria": {
      "has_wool": "2024-09-04 00:25:53 +0100"
    },
    "done": true
  },
  "minecraft:recipes/decorations/red_carpet": {
    "criteria": {
      "has_red_wool": "2024-09-04 00:25:53 +0100"
    },
    "done": true
  },
  "minecraft:adventure/adventuring_time": {
    "criteria": {
      "plains": "2024-09-04 00:25:53 +0100"
    },
    "done": false
  },
  "minecraft:recipes/decorations/red_bed": {
    "criteria": {
      "has_red_wool": "2024-09-04 00:25:53 +0100"
    },
    "done": true
  }
}