{"stat.chestOpened":2,"stat.pickup.minecraft.rotten_flesh":6,"stat.walkOneCm":19220,"stat.leaveGame":1,"stat.killEntity.strider":1,"stat.useItem.nb.warped_trapdoor":1,"stat.mobKills":5,"stat.pickup.minecraft.gold_nugget":8,"stat.pickup.minecraft.golden_sword":1,"stat.useItem.minecraft.diamond_sword":12,"stat.pickup.minecraft.string":4,"stat.flyOneCm":24247,"stat.craftItem.nb.warped_trapdoor":2,"stat.useItem.nb.crimson_trapdoor":37,"stat.jump":63,"stat.playOneMinute":22740,"stat.craftItem.nb.crimson_trapdoor":2,"stat.sneakTime":222,"stat.damageDealt":800,"stat.killEntity.piglin_zombie":3,"stat.crouchOneCm":145,"stat.timeSinceDeath":22740,"stat.killEntity.piglin":1,"stat.sprintOneCm":8022,"stat.useItem.minecraft.stone_slab2":92,"stat.useItem.minecraft.spawn_egg":12,"stat.craftingTableInteraction":3}