{"stat.walkOneCm":894,"stat.drop.nb.warped_slab_half":1,"stat.drop.nb.crimson_hyphae":1,"stat.drop.nb.warped_hyphae":1,"stat.drop.nb.crimson_planks":1,"stat.leaveGame":1,"stat.drop.nb.crimson_wart":1,"stat.flyOneCm":47525,"stat.drop.nb.warped_stairs":1,"stat.drop.nb.crimson_stairs":1,"stat.drop":14,"stat.drop.nb.crimson_slab_half":1,"stat.jump":2,"stat.playOneMinute":7810,"stat.sneakTime":156,"stat.drop.nb.crimson_stem":1,"stat.drop.nb.warped_grass":1,"stat.drop.nb.crimson_grass":1,"stat.crouchOneCm":109,"stat.drop.nb.warped_planks":1,"stat.timeSinceDeath":7810,"stat.useItem.minecraft.stone_slab2":76,"stat.drop.nb.warped_wart":1,"stat.drop.nb.warped_stem":1}