{"stat.drop.nb.gilded_blackstone":1,"stat.drop.nb.basalt":1,"stat.drop.nb.black_bricks_slab_half":1,"stat.flyOneCm":2071462,"stat.drop.nb.black_stone_brick_stairs":1,"stat.walkOneCm":34296,"stat.drop":4,"stat.jump":245,"stat.playOneMinute":393308,"stat.leaveGame":1,"stat.sneakTime":11233,"stat.pickup.nb.basalt":1,"stat.crouchOneCm":3017,"stat.timeSinceDeath":393308,"stat.useItem.minecraft.lava_bucket":9,"stat.sprintOneCm":41903,"stat.useItem.minecraft.stone_slab2":8727,"stat.useItem.minecraft.potion":18}